,Subreddit,Title,Epoch Time,Date,Comments,Awards,Upvotes,Downvotes,Upvote Ratio,Comment/Upvote Ratio
0,neoprogs,Homeowners standing on their own property fired at by police and national guard troops.,1590962486.0,"05/31/2020, 22:01:26",0,0,6,1.409838524748336,0.81,0.0
1,neoprogs,"Man, 80, arrested for growing cannabis plants for CBD oil that’s ‘saving his life’- Hoosh! News",1597364508.0,"08/14/2020, 00:21:48",1,0,7,0.8605509830389941,0.89,0.14285714285714285
2,neoprogs,"100 Days of Protest, ft. Zach Moss by Real Politik Pod",1600456936.0,"09/18/2020, 19:22:16",0,0,6,0.0004863846824143536,1.0,0.0
3,neoprogs,Debate Bro Show Debut,1602732910.0,"10/15/2020, 03:35:10",1,0,3,1.2131017620354791,0.71,0.3333333333333333
4,neoprogs,KHive Fever and the First American Monarch by Real Politik Pod,1597609527.0,"08/16/2020, 20:25:27",0,0,3,0.013720045484551413,1.0,0.0
5,neoprogs,Evidence of Intelligence Agency Involvement in The Alt Right and Reddit/4chan,1594159308.0,"07/07/2020, 22:01:48",1,0,3,1.5647992701790487,0.66,0.3333333333333333
6,neoprogs,"Popular Flameout from “The Apprentice,” Sam Solovey Reflects on Relationship with Trump - Describes When he Realized Trump is a ""Con Man""",1593702782.0,"07/02/2020, 15:13:02",0,0,3,0.6889948397078265,0.81,0.0
7,neoprogs,"A brilliant overview of my friend Paige Dixon, who's running for Texas House District 65. She will be an incredible representative for us in Austin - take a look!",1580690875.0,"02/03/2020, 00:47:55",0,0,3,0.01387916405695444,1.0,0.0
8,neoprogs,what are your greatest pet peeves about the world and how should it change?,1598743946.0,"08/29/2020, 23:32:26",0,0,2,-0.0020240429833322526,1.0,0.0
9,neoprogs,Black Dove Organization Outreach,1588729836.0,"05/06/2020, 01:50:36",0,0,2,-0.0011885214349369733,1.0,0.0
10,neoprogs,Trump’s EPA Scraps Mercury Emissions Rules,1587250116.0,"04/18/2020, 22:48:36",0,0,2,0.6385724422306116,0.76,0.0
11,neoprogs,Congress Takes on Robocalls and Spoofed Phone Numbers,1575487025.0,"12/04/2019, 19:17:05",0,0,2,0.0060187813881689145,1.0,0.0
12,neoprogs,20/20 Insight forecasting contest,1603695031.0,"10/26/2020, 06:50:31",0,0,1,-0.0017438483044845965,1.0,0.0
13,neoprogs,A challenge for Biden-Harris supporters.,1600221426.0,"09/16/2020, 01:57:06",0,0,2,1.3472439807260317,0.6,0.0
14,neoprogs,"This video's been making the rounds. I've received it 3 times in the last 24 hours. I would like to hear opposing arguments, preferably with links backing them up.",1594621064.0,"07/13/2020, 06:17:44",2,0,1,0.7639178748533912,0.57,2.0
15,neoprogs,Trump’s EPA Scraps Mercury Emissions Rules,1587248483.0,"04/18/2020, 22:21:23",0,0,1,0.5021918219354589,0.67,0.0
16,neoprogs,U.S. Electoral map viewer Android app that allows community prediction of the next election,1581914136.0,"02/17/2020, 04:35:36",0,0,1,-0.001669092339052547,1.0,0.0
17,neoprogs,Why Doesn’t Amazon Pay a Corporate Tax?,1581634436.0,"02/13/2020, 22:53:56",0,0,1,0.0034227969872238084,1.0,0.0
18,neoprogs,Why Doesn’t Amazon Pay a Corporate Tax?,1581632103.0,"02/13/2020, 22:15:03",0,0,1,-0.0016459013879466244,1.0,0.0
19,neoprogs,The 2020 Budget Deficit Fight: Mick Mulvaney vs. Everybody,1574890015.0,"11/27/2019, 21:26:55",0,0,1,0.0032702090584175725,1.0,0.0
20,neoprogs,"Iran’s Protests Explained: Iraq, Lebanon, and Iran’s Fight Against Tehran",1574736923.0,"11/26/2019, 02:55:23",0,0,1,0.0006387435106711692,1.0,0.0
21,neoprogs,Is DACA Constitutional? The Supreme Court Hears Arguments on DACA’s Repeal,1574006686.0,"11/17/2019, 16:04:46",0,0,1,0.0004371858443479315,1.0,0.0
22,neoprogs,Protect The Oil: Trump’s New Syria Strategy,1573271373.0,"11/09/2019, 03:49:33",0,0,1,0.5257049092580397,0.66,0.0
